"Statistic","Month","State","UNIT","VALUE"
"Gross Electricity Output","1975M01","State","Gigawatt Hours","752"
"Gross Electricity Output","1975M02","State","Gigawatt Hours","653"
"Gross Electricity Output","1975M03","State","Gigawatt Hours","679"
"Gross Electricity Output","1975M04","State","Gigawatt Hours","603"
"Gross Electricity Output","1975M05","State","Gigawatt Hours","550"
"Gross Electricity Output","1975M06","State","Gigawatt Hours","505"
"Gross Electricity Output","1975M07","State","Gigawatt Hours","554"
"Gross Electricity Output","1975M08","State","Gigawatt Hours","503"
"Gross Electricity Output","1975M09","State","Gigawatt Hours","586"
"Gross Electricity Output","1975M10","State","Gigawatt Hours","673"
"Gross Electricity Output","1975M11","State","Gigawatt Hours","719"
"Gross Electricity Output","1975M12","State","Gigawatt Hours","772"
"Gross Electricity Output","1976M01","State","Gigawatt Hours","771"
"Gross Electricity Output","1976M02","State","Gigawatt Hours","737"
"Gross Electricity Output","1976M03","State","Gigawatt Hours","768"
"Gross Electricity Output","1976M04","State","Gigawatt Hours","661"
"Gross Electricity Output","1976M05","State","Gigawatt Hours","649"
"Gross Electricity Output","1976M06","State","Gigawatt Hours","592"
"Gross Electricity Output","1976M07","State","Gigawatt Hours","601"
"Gross Electricity Output","1976M08","State","Gigawatt Hours","579"
"Gross Electricity Output","1976M09","State","Gigawatt Hours","659"
"Gross Electricity Output","1976M10","State","Gigawatt Hours","743"
"Gross Electricity Output","1976M11","State","Gigawatt Hours","803"
"Gross Electricity Output","1976M12","State","Gigawatt Hours","880"
"Gross Electricity Output","1977M01","State","Gigawatt Hours","883"
"Gross Electricity Output","1977M02","State","Gigawatt Hours","802"
"Gross Electricity Output","1977M03","State","Gigawatt Hours","819"
"Gross Electricity Output","1977M04","State","Gigawatt Hours","744"
"Gross Electricity Output","1977M05","State","Gigawatt Hours","698"
"Gross Electricity Output","1977M06","State","Gigawatt Hours","653"
"Gross Electricity Output","1977M07","State","Gigawatt Hours","649"
"Gross Electricity Output","1977M08","State","Gigawatt Hours","634"
"Gross Electricity Output","1977M09","State","Gigawatt Hours","715"
"Gross Electricity Output","1977M10","State","Gigawatt Hours","765"
"Gross Electricity Output","1977M11","State","Gigawatt Hours","879"
"Gross Electricity Output","1977M12","State","Gigawatt Hours","886"
"Gross Electricity Output","1978M01","State","Gigawatt Hours","932"
"Gross Electricity Output","1978M02","State","Gigawatt Hours","870"
"Gross Electricity Output","1978M03","State","Gigawatt Hours","877"
"Gross Electricity Output","1978M04","State","Gigawatt Hours","821"
"Gross Electricity Output","1978M05","State","Gigawatt Hours","775"
"Gross Electricity Output","1978M06","State","Gigawatt Hours","718"
"Gross Electricity Output","1978M07","State","Gigawatt Hours","720"
"Gross Electricity Output","1978M08","State","Gigawatt Hours","688"
"Gross Electricity Output","1978M09","State","Gigawatt Hours","772"
"Gross Electricity Output","1978M10","State","Gigawatt Hours","814"
"Gross Electricity Output","1978M11","State","Gigawatt Hours","880"
"Gross Electricity Output","1978M12","State","Gigawatt Hours","948"
"Gross Electricity Output","1979M01","State","Gigawatt Hours","1064"
"Gross Electricity Output","1979M02","State","Gigawatt Hours","974"
"Gross Electricity Output","1979M03","State","Gigawatt Hours","1013"
"Gross Electricity Output","1979M04","State","Gigawatt Hours","909"
"Gross Electricity Output","1979M05","State","Gigawatt Hours","900"
"Gross Electricity Output","1979M06","State","Gigawatt Hours","773"
"Gross Electricity Output","1979M07","State","Gigawatt Hours","771"
"Gross Electricity Output","1979M08","State","Gigawatt Hours","771"
"Gross Electricity Output","1979M09","State","Gigawatt Hours","823"
"Gross Electricity Output","1979M10","State","Gigawatt Hours","898"
"Gross Electricity Output","1979M11","State","Gigawatt Hours","964"
"Gross Electricity Output","1979M12","State","Gigawatt Hours","993"
"Gross Electricity Output","1980M01","State","Gigawatt Hours","1081"
"Gross Electricity Output","1980M02","State","Gigawatt Hours","964"
"Gross Electricity Output","1980M03","State","Gigawatt Hours","977"
"Gross Electricity Output","1980M04","State","Gigawatt Hours","862"
"Gross Electricity Output","1980M05","State","Gigawatt Hours","856"
"Gross Electricity Output","1980M06","State","Gigawatt Hours","784"
"Gross Electricity Output","1980M07","State","Gigawatt Hours","807"
"Gross Electricity Output","1980M08","State","Gigawatt Hours","745"
"Gross Electricity Output","1980M09","State","Gigawatt Hours","806"
"Gross Electricity Output","1980M10","State","Gigawatt Hours","916"
"Gross Electricity Output","1980M11","State","Gigawatt Hours","948"
"Gross Electricity Output","1980M12","State","Gigawatt Hours","987"
"Gross Electricity Output","1981M01","State","Gigawatt Hours","1004"
"Gross Electricity Output","1981M02","State","Gigawatt Hours","924"
"Gross Electricity Output","1981M03","State","Gigawatt Hours","957"
"Gross Electricity Output","1981M04","State","Gigawatt Hours","870"
"Gross Electricity Output","1981M05","State","Gigawatt Hours","871"
"Gross Electricity Output","1981M06","State","Gigawatt Hours","805"
"Gross Electricity Output","1981M07","State","Gigawatt Hours","817"
"Gross Electricity Output","1981M08","State","Gigawatt Hours","755"
"Gross Electricity Output","1981M09","State","Gigawatt Hours","836"
"Gross Electricity Output","1981M10","State","Gigawatt Hours","940"
"Gross Electricity Output","1981M11","State","Gigawatt Hours","954"
"Gross Electricity Output","1981M12","State","Gigawatt Hours","1034"
"Gross Electricity Output","1982M01","State","Gigawatt Hours","1035"
"Gross Electricity Output","1982M02","State","Gigawatt Hours","924"
"Gross Electricity Output","1982M03","State","Gigawatt Hours","995"
"Gross Electricity Output","1982M04","State","Gigawatt Hours","852"
"Gross Electricity Output","1982M05","State","Gigawatt Hours","871"
"Gross Electricity Output","1982M06","State","Gigawatt Hours","791"
"Gross Electricity Output","1982M07","State","Gigawatt Hours","808"
"Gross Electricity Output","1982M08","State","Gigawatt Hours","781"
"Gross Electricity Output","1982M09","State","Gigawatt Hours","836"
"Gross Electricity Output","1982M10","State","Gigawatt Hours","912"
"Gross Electricity Output","1982M11","State","Gigawatt Hours","977"
"Gross Electricity Output","1982M12","State","Gigawatt Hours","1010"
"Gross Electricity Output","1983M01","State","Gigawatt Hours","1015"
"Gross Electricity Output","1983M02","State","Gigawatt Hours","976"
"Gross Electricity Output","1983M03","State","Gigawatt Hours","999"
"Gross Electricity Output","1983M04","State","Gigawatt Hours","916"
"Gross Electricity Output","1983M05","State","Gigawatt Hours","910"
"Gross Electricity Output","1983M06","State","Gigawatt Hours","824"
"Gross Electricity Output","1983M07","State","Gigawatt Hours","808"
"Gross Electricity Output","1983M08","State","Gigawatt Hours","790"
"Gross Electricity Output","1983M09","State","Gigawatt Hours","872"
"Gross Electricity Output","1983M10","State","Gigawatt Hours","934"
"Gross Electricity Output","1983M11","State","Gigawatt Hours","990"
"Gross Electricity Output","1983M12","State","Gigawatt Hours","1005"
"Gross Electricity Output","1984M01","State","Gigawatt Hours","1081"
"Gross Electricity Output","1984M02","State","Gigawatt Hours","1013"
"Gross Electricity Output","1984M03","State","Gigawatt Hours","1042"
"Gross Electricity Output","1984M04","State","Gigawatt Hours","912"
"Gross Electricity Output","1984M05","State","Gigawatt Hours","917"
"Gross Electricity Output","1984M06","State","Gigawatt Hours","843"
"Gross Electricity Output","1984M07","State","Gigawatt Hours","844"
"Gross Electricity Output","1984M08","State","Gigawatt Hours","835"
"Gross Electricity Output","1984M09","State","Gigawatt Hours","883"
"Gross Electricity Output","1984M10","State","Gigawatt Hours","982"
"Gross Electricity Output","1984M11","State","Gigawatt Hours","1042"
"Gross Electricity Output","1984M12","State","Gigawatt Hours","1030"
"Gross Electricity Output","1985M01","State","Gigawatt Hours","1159"
"Gross Electricity Output","1985M02","State","Gigawatt Hours","1019"
"Gross Electricity Output","1985M03","State","Gigawatt Hours","1081"
"Gross Electricity Output","1985M04","State","Gigawatt Hours","959"
"Gross Electricity Output","1985M05","State","Gigawatt Hours","977"
"Gross Electricity Output","1985M06","State","Gigawatt Hours","882"
"Gross Electricity Output","1985M07","State","Gigawatt Hours","906"
"Gross Electricity Output","1985M08","State","Gigawatt Hours","879"
"Gross Electricity Output","1985M09","State","Gigawatt Hours","920"
"Gross Electricity Output","1985M10","State","Gigawatt Hours","999"
"Gross Electricity Output","1985M11","State","Gigawatt Hours","1082"
"Gross Electricity Output","1985M12","State","Gigawatt Hours","1056"
"Gross Electricity Output","1986M01","State","Gigawatt Hours","1158"
"Gross Electricity Output","1986M02","State","Gigawatt Hours","1099"
"Gross Electricity Output","1986M03","State","Gigawatt Hours","1099"
"Gross Electricity Output","1986M04","State","Gigawatt Hours","1059"
"Gross Electricity Output","1986M05","State","Gigawatt Hours","1016"
"Gross Electricity Output","1986M06","State","Gigawatt Hours","921"
"Gross Electricity Output","1986M07","State","Gigawatt Hours","937"
"Gross Electricity Output","1986M08","State","Gigawatt Hours","897"
"Gross Electricity Output","1986M09","State","Gigawatt Hours","980"
"Gross Electricity Output","1986M10","State","Gigawatt Hours","1062"
"Gross Electricity Output","1986M11","State","Gigawatt Hours","1101"
"Gross Electricity Output","1986M12","State","Gigawatt Hours","1137"
"Gross Electricity Output","1987M01","State","Gigawatt Hours","1220"
"Gross Electricity Output","1987M02","State","Gigawatt Hours","1091"
"Gross Electricity Output","1987M03","State","Gigawatt Hours","1155"
"Gross Electricity Output","1987M04","State","Gigawatt Hours","1045"
"Gross Electricity Output","1987M05","State","Gigawatt Hours","994"
"Gross Electricity Output","1987M06","State","Gigawatt Hours","976"
"Gross Electricity Output","1987M07","State","Gigawatt Hours","984"
"Gross Electricity Output","1987M08","State","Gigawatt Hours","954"
"Gross Electricity Output","1987M09","State","Gigawatt Hours","1018"
"Gross Electricity Output","1987M10","State","Gigawatt Hours","1119"
"Gross Electricity Output","1987M11","State","Gigawatt Hours","1145"
"Gross Electricity Output","1987M12","State","Gigawatt Hours","1165"
"Gross Electricity Output","1988M01","State","Gigawatt Hours","1196"
"Gross Electricity Output","1988M02","State","Gigawatt Hours","1145"
"Gross Electricity Output","1988M03","State","Gigawatt Hours","1175"
"Gross Electricity Output","1988M04","State","Gigawatt Hours","1020"
"Gross Electricity Output","1988M05","State","Gigawatt Hours","1047"
"Gross Electricity Output","1988M06","State","Gigawatt Hours","976"
"Gross Electricity Output","1988M07","State","Gigawatt Hours","975"
"Gross Electricity Output","1988M08","State","Gigawatt Hours","989"
"Gross Electricity Output","1988M09","State","Gigawatt Hours","1049"
"Gross Electricity Output","1988M10","State","Gigawatt Hours","1134"
"Gross Electricity Output","1988M11","State","Gigawatt Hours","1178"
"Gross Electricity Output","1988M12","State","Gigawatt Hours","1184"
"Gross Electricity Output","1989M01","State","Gigawatt Hours","1201"
"Gross Electricity Output","1989M02","State","Gigawatt Hours","1117"
"Gross Electricity Output","1989M03","State","Gigawatt Hours","1204"
"Gross Electricity Output","1989M04","State","Gigawatt Hours","1135"
"Gross Electricity Output","1989M05","State","Gigawatt Hours","1093"
"Gross Electricity Output","1989M06","State","Gigawatt Hours","1022"
"Gross Electricity Output","1989M07","State","Gigawatt Hours","1026"
"Gross Electricity Output","1989M08","State","Gigawatt Hours","1044"
"Gross Electricity Output","1989M09","State","Gigawatt Hours","1090"
"Gross Electricity Output","1989M10","State","Gigawatt Hours","1176"
"Gross Electricity Output","1989M11","State","Gigawatt Hours","1245"
"Gross Electricity Output","1989M12","State","Gigawatt Hours","1287"
"Gross Electricity Output","1990M01","State","Gigawatt Hours","1306"
"Gross Electricity Output","1990M02","State","Gigawatt Hours","1205"
"Gross Electricity Output","1990M03","State","Gigawatt Hours","1271"
"Gross Electricity Output","1990M04","State","Gigawatt Hours","1169"
"Gross Electricity Output","1990M05","State","Gigawatt Hours","1142"
"Gross Electricity Output","1990M06","State","Gigawatt Hours","1057"
"Gross Electricity Output","1990M07","State","Gigawatt Hours","1064"
"Gross Electricity Output","1990M08","State","Gigawatt Hours","1078"
"Gross Electricity Output","1990M09","State","Gigawatt Hours","1130"
"Gross Electricity Output","1990M10","State","Gigawatt Hours","1248"
"Gross Electricity Output","1990M11","State","Gigawatt Hours","1312"
"Gross Electricity Output","1990M12","State","Gigawatt Hours","1343"
"Gross Electricity Output","1991M01","State","Gigawatt Hours","1423"
"Gross Electricity Output","1991M02","State","Gigawatt Hours","1297"
"Gross Electricity Output","1991M03","State","Gigawatt Hours","1298"
"Gross Electricity Output","1991M04","State","Gigawatt Hours","1187"
"Gross Electricity Output","1991M05","State","Gigawatt Hours","1197"
"Gross Electricity Output","1991M06","State","Gigawatt Hours","1100"
"Gross Electricity Output","1991M07","State","Gigawatt Hours","1162"
"Gross Electricity Output","1991M08","State","Gigawatt Hours","1122"
"Gross Electricity Output","1991M09","State","Gigawatt Hours","1171"
"Gross Electricity Output","1991M10","State","Gigawatt Hours","1305"
"Gross Electricity Output","1991M11","State","Gigawatt Hours","1369"
"Gross Electricity Output","1991M12","State","Gigawatt Hours","1359"
"Gross Electricity Output","1992M01","State","Gigawatt Hours","1533"
"Gross Electricity Output","1992M02","State","Gigawatt Hours","1311"
"Gross Electricity Output","1992M03","State","Gigawatt Hours","1343"
"Gross Electricity Output","1992M04","State","Gigawatt Hours","1270"
"Gross Electricity Output","1992M05","State","Gigawatt Hours","1230"
"Gross Electricity Output","1992M06","State","Gigawatt Hours","1144"
"Gross Electricity Output","1992M07","State","Gigawatt Hours","1189"
"Gross Electricity Output","1992M08","State","Gigawatt Hours","1161"
"Gross Electricity Output","1992M09","State","Gigawatt Hours","1252"
"Gross Electricity Output","1992M10","State","Gigawatt Hours","1386"
"Gross Electricity Output","1992M11","State","Gigawatt Hours","1415"
"Gross Electricity Output","1992M12","State","Gigawatt Hours","1448"
"Gross Electricity Output","1993M01","State","Gigawatt Hours","1460"
"Gross Electricity Output","1993M02","State","Gigawatt Hours","1323"
"Gross Electricity Output","1993M03","State","Gigawatt Hours","1456"
"Gross Electricity Output","1993M04","State","Gigawatt Hours","1302"
"Gross Electricity Output","1993M05","State","Gigawatt Hours","1298"
"Gross Electricity Output","1993M06","State","Gigawatt Hours","1210"
"Gross Electricity Output","1993M07","State","Gigawatt Hours","1214"
"Gross Electricity Output","1993M08","State","Gigawatt Hours","1204"
"Gross Electricity Output","1993M09","State","Gigawatt Hours","1308"
"Gross Electricity Output","1993M10","State","Gigawatt Hours","1418"
"Gross Electricity Output","1993M11","State","Gigawatt Hours","1472"
"Gross Electricity Output","1993M12","State","Gigawatt Hours","1496"
"Gross Electricity Output","1994M01","State","Gigawatt Hours","1533"
"Gross Electricity Output","1994M02","State","Gigawatt Hours","1437"
"Gross Electricity Output","1994M03","State","Gigawatt Hours","1514"
"Gross Electricity Output","1994M04","State","Gigawatt Hours","1387"
"Gross Electricity Output","1994M05","State","Gigawatt Hours","1360"
"Gross Electricity Output","1994M06","State","Gigawatt Hours","1269"
"Gross Electricity Output","1994M07","State","Gigawatt Hours","1258"
"Gross Electricity Output","1994M08","State","Gigawatt Hours","1280"
"Gross Electricity Output","1994M09","State","Gigawatt Hours","1336"
"Gross Electricity Output","1994M10","State","Gigawatt Hours","1445"
"Gross Electricity Output","1994M11","State","Gigawatt Hours","1491"
"Gross Electricity Output","1994M12","State","Gigawatt Hours","1534"
"Gross Electricity Output","1995M01","State","Gigawatt Hours","1617"
"Gross Electricity Output","1995M02","State","Gigawatt Hours","1455"
"Gross Electricity Output","1995M03","State","Gigawatt Hours","1602"
"Gross Electricity Output","1995M04","State","Gigawatt Hours","1397"
"Gross Electricity Output","1995M05","State","Gigawatt Hours","1423"
"Gross Electricity Output","1995M06","State","Gigawatt Hours","1331"
"Gross Electricity Output","1995M07","State","Gigawatt Hours","1337"
"Gross Electricity Output","1995M08","State","Gigawatt Hours","1350"
"Gross Electricity Output","1995M09","State","Gigawatt Hours","1393"
"Gross Electricity Output","1995M10","State","Gigawatt Hours","1490"
"Gross Electricity Output","1995M11","State","Gigawatt Hours","1567"
"Gross Electricity Output","1995M12","State","Gigawatt Hours","1636"
"Gross Electricity Output","1996M01","State","Gigawatt Hours","1723"
"Gross Electricity Output","1996M02","State","Gigawatt Hours","1660"
"Gross Electricity Output","1996M03","State","Gigawatt Hours","1701"
"Gross Electricity Output","1996M04","State","Gigawatt Hours","1524"
"Gross Electricity Output","1996M05","State","Gigawatt Hours","1544"
"Gross Electricity Output","1996M06","State","Gigawatt Hours","1387"
"Gross Electricity Output","1996M07","State","Gigawatt Hours","1435"
"Gross Electricity Output","1996M08","State","Gigawatt Hours","1428"
"Gross Electricity Output","1996M09","State","Gigawatt Hours","1453"
"Gross Electricity Output","1996M10","State","Gigawatt Hours","1619"
"Gross Electricity Output","1996M11","State","Gigawatt Hours","1715"
"Gross Electricity Output","1996M12","State","Gigawatt Hours","1746"
"Gross Electricity Output","1997M01","State","Gigawatt Hours","1833"
"Gross Electricity Output","1997M02","State","Gigawatt Hours","1608"
"Gross Electricity Output","1997M03","State","Gigawatt Hours","1675"
"Gross Electricity Output","1997M04","State","Gigawatt Hours","1575"
"Gross Electricity Output","1997M05","State","Gigawatt Hours","1571"
"Gross Electricity Output","1997M06","State","Gigawatt Hours","1481"
"Gross Electricity Output","1997M07","State","Gigawatt Hours","1525"
"Gross Electricity Output","1997M08","State","Gigawatt Hours","1503"
"Gross Electricity Output","1997M09","State","Gigawatt Hours","1556"
"Gross Electricity Output","1997M10","State","Gigawatt Hours","1702"
"Gross Electricity Output","1997M11","State","Gigawatt Hours","1738"
"Gross Electricity Output","1997M12","State","Gigawatt Hours","1784"
"Gross Electricity Output","1998M01","State","Gigawatt Hours","1865"
"Gross Electricity Output","1998M02","State","Gigawatt Hours","1653"
"Gross Electricity Output","1998M03","State","Gigawatt Hours","1788"
"Gross Electricity Output","1998M04","State","Gigawatt Hours","1706"
"Gross Electricity Output","1998M05","State","Gigawatt Hours","1637"
"Gross Electricity Output","1998M06","State","Gigawatt Hours","1572"
"Gross Electricity Output","1998M07","State","Gigawatt Hours","1602"
"Gross Electricity Output","1998M08","State","Gigawatt Hours","1560"
"Gross Electricity Output","1998M09","State","Gigawatt Hours","1634"
"Gross Electricity Output","1998M10","State","Gigawatt Hours","1741"
"Gross Electricity Output","1998M11","State","Gigawatt Hours","1848"
"Gross Electricity Output","1998M12","State","Gigawatt Hours","1879"
"Gross Electricity Output","1999M01","State","Gigawatt Hours","1954"
"Gross Electricity Output","1999M02","State","Gigawatt Hours","1765"
"Gross Electricity Output","1999M03","State","Gigawatt Hours","1913"
"Gross Electricity Output","1999M04","State","Gigawatt Hours","1761"
"Gross Electricity Output","1999M05","State","Gigawatt Hours","1714"
"Gross Electricity Output","1999M06","State","Gigawatt Hours","1611"
"Gross Electricity Output","1999M07","State","Gigawatt Hours","1623"
"Gross Electricity Output","1999M08","State","Gigawatt Hours","1640"
"Gross Electricity Output","1999M09","State","Gigawatt Hours","1553"
"Gross Electricity Output","1999M10","State","Gigawatt Hours","1791"
"Gross Electricity Output","1999M11","State","Gigawatt Hours","1916"
"Gross Electricity Output","1999M12","State","Gigawatt Hours","2037"
"Gross Electricity Output","2000M01","State","Gigawatt Hours","2067"
"Gross Electricity Output","2000M02","State","Gigawatt Hours","1938"
"Gross Electricity Output","2000M03","State","Gigawatt Hours","1979"
"Gross Electricity Output","2000M04","State","Gigawatt Hours","1883"
"Gross Electricity Output","2000M05","State","Gigawatt Hours","1809"
"Gross Electricity Output","2000M06","State","Gigawatt Hours","1736"
"Gross Electricity Output","2000M07","State","Gigawatt Hours","1765"
"Gross Electricity Output","2000M08","State","Gigawatt Hours","1775"
"Gross Electricity Output","2000M09","State","Gigawatt Hours","1816"
"Gross Electricity Output","2000M10","State","Gigawatt Hours","1982"
"Gross Electricity Output","2000M11","State","Gigawatt Hours","2055"
"Gross Electricity Output","2000M12","State","Gigawatt Hours","2115"
"Gross Electricity Output","2001M01","State","Gigawatt Hours","2279"
"Gross Electricity Output","2001M02","State","Gigawatt Hours","2063"
"Gross Electricity Output","2001M03","State","Gigawatt Hours","2213"
"Gross Electricity Output","2001M04","State","Gigawatt Hours","2007"
"Gross Electricity Output","2001M05","State","Gigawatt Hours","1960"
"Gross Electricity Output","2001M06","State","Gigawatt Hours","1843"
"Gross Electricity Output","2001M07","State","Gigawatt Hours","1877"
"Gross Electricity Output","2001M08","State","Gigawatt Hours","1885"
"Gross Electricity Output","2001M09","State","Gigawatt Hours","1902"
"Gross Electricity Output","2001M10","State","Gigawatt Hours","2038"
"Gross Electricity Output","2001M11","State","Gigawatt Hours","2124"
"Gross Electricity Output","2001M12","State","Gigawatt Hours","2212"
"Gross Electricity Output","2002M01","State","Gigawatt Hours","2206"
"Gross Electricity Output","2002M02","State","Gigawatt Hours","1988"
"Gross Electricity Output","2002M03","State","Gigawatt Hours","2126"
"Gross Electricity Output","2002M04","State","Gigawatt Hours","2019"
"Gross Electricity Output","2002M05","State","Gigawatt Hours","1950"
"Gross Electricity Output","2002M06","State","Gigawatt Hours","1815"
"Gross Electricity Output","2002M07","State","Gigawatt Hours","1834"
"Gross Electricity Output","2002M08","State","Gigawatt Hours","1856"
"Gross Electricity Output","2002M09","State","Gigawatt Hours","1782"
"Gross Electricity Output","2002M10","State","Gigawatt Hours","2057"
"Gross Electricity Output","2002M11","State","Gigawatt Hours","2136"
"Gross Electricity Output","2002M12","State","Gigawatt Hours","2221"
"Gross Electricity Output","2003M01","State","Gigawatt Hours","2467"
"Gross Electricity Output","2003M02","State","Gigawatt Hours","2163"
"Gross Electricity Output","2003M03","State","Gigawatt Hours","1976"
"Gross Electricity Output","2003M04","State","Gigawatt Hours","2306"
"Gross Electricity Output","2003M05","State","Gigawatt Hours","1819"
"Gross Electricity Output","2003M06","State","Gigawatt Hours","1729"
"Gross Electricity Output","2003M07","State","Gigawatt Hours","2134"
"Gross Electricity Output","2003M08","State","Gigawatt Hours","1683"
"Gross Electricity Output","2003M09","State","Gigawatt Hours","1707"
"Gross Electricity Output","2003M10","State","Gigawatt Hours","2377"
"Gross Electricity Output","2003M11","State","Gigawatt Hours","2020"
"Gross Electricity Output","2003M12","State","Gigawatt Hours","2308"
"Gross Electricity Output","2004M01","State","Gigawatt Hours","2310"
"Gross Electricity Output","2004M02","State","Gigawatt Hours","2109"
"Gross Electricity Output","2004M03","State","Gigawatt Hours","2565"
"Gross Electricity Output","2004M04","State","Gigawatt Hours","1893"
"Gross Electricity Output","2004M05","State","Gigawatt Hours","1731"
"Gross Electricity Output","2004M06","State","Gigawatt Hours","2142"
"Gross Electricity Output","2004M07","State","Gigawatt Hours","1717"
"Gross Electricity Output","2004M08","State","Gigawatt Hours","1729"
"Gross Electricity Output","2004M09","State","Gigawatt Hours","2263"
"Gross Electricity Output","2004M10","State","Gigawatt Hours","1968"
"Gross Electricity Output","2004M11","State","Gigawatt Hours","2084"
"Gross Electricity Output","2004M12","State","Gigawatt Hours","2546"
"Gross Electricity Output","2005M01","State","Gigawatt Hours","2199"
"Gross Electricity Output","2005M02","State","Gigawatt Hours","2155"
"Gross Electricity Output","2005M03","State","Gigawatt Hours","2511"
"Gross Electricity Output","2005M04","State","Gigawatt Hours","1940"
"Gross Electricity Output","2005M05","State","Gigawatt Hours","1845"
"Gross Electricity Output","2005M06","State","Gigawatt Hours","2244"
"Gross Electricity Output","2005M07","State","Gigawatt Hours","1740"
"Gross Electricity Output","2005M08","State","Gigawatt Hours","1745"
"Gross Electricity Output","2005M09","State","Gigawatt Hours","2266"
"Gross Electricity Output","2005M10","State","Gigawatt Hours","1980"
"Gross Electricity Output","2005M11","State","Gigawatt Hours","2656"
"Gross Electricity Output","2005M12","State","Gigawatt Hours","2194"
"Gross Electricity Output","2006M01","State","Gigawatt Hours","2286"
"Gross Electricity Output","2006M02","State","Gigawatt Hours","2240"
"Gross Electricity Output","2006M03","State","Gigawatt Hours","2716"
"Gross Electricity Output","2006M04","State","Gigawatt Hours","2014"
"Gross Electricity Output","2006M05","State","Gigawatt Hours","2410"
"Gross Electricity Output","2006M06","State","Gigawatt Hours","1906"
"Gross Electricity Output","2006M07","State","Gigawatt Hours","1809"
"Gross Electricity Output","2006M08","State","Gigawatt Hours","2188"
"Gross Electricity Output","2006M09","State","Gigawatt Hours","1970"
"Gross Electricity Output","2006M10","State","Gigawatt Hours","2060"
"Gross Electricity Output","2006M11","State","Gigawatt Hours","2761"
"Gross Electricity Output","2006M12","State","Gigawatt Hours","2389"
"Gross Electricity Output","2007M01","State","Gigawatt Hours","2637"
"Gross Electricity Output","2007M02","State","Gigawatt Hours","2386"
"Gross Electricity Output","2007M03","State","Gigawatt Hours","2509"
"Gross Electricity Output","2007M04","State","Gigawatt Hours","2069"
"Gross Electricity Output","2007M05","State","Gigawatt Hours","2091"
"Gross Electricity Output","2007M06","State","Gigawatt Hours","2023"
"Gross Electricity Output","2007M07","State","Gigawatt Hours","2057"
"Gross Electricity Output","2007M08","State","Gigawatt Hours","2137"
"Gross Electricity Output","2007M09","State","Gigawatt Hours","2206"
"Gross Electricity Output","2007M10","State","Gigawatt Hours","2482"
"Gross Electricity Output","2007M11","State","Gigawatt Hours","2584"
"Gross Electricity Output","2007M12","State","Gigawatt Hours","2721"
"Gross Electricity Output","2008M01","State","Gigawatt Hours","2796"
"Gross Electricity Output","2008M02","State","Gigawatt Hours","2537"
"Gross Electricity Output","2008M03","State","Gigawatt Hours","2547"
"Gross Electricity Output","2008M04","State","Gigawatt Hours","2351"
"Gross Electricity Output","2008M05","State","Gigawatt Hours","2257"
"Gross Electricity Output","2008M06","State","Gigawatt Hours","2234"
"Gross Electricity Output","2008M07","State","Gigawatt Hours","2262"
"Gross Electricity Output","2008M08","State","Gigawatt Hours","2246"
"Gross Electricity Output","2008M09","State","Gigawatt Hours","2268"
"Gross Electricity Output","2008M10","State","Gigawatt Hours","2592"
"Gross Electricity Output","2008M11","State","Gigawatt Hours","2666"
"Gross Electricity Output","2008M12","State","Gigawatt Hours","2657"
"Gross Electricity Output","2009M01","State","Gigawatt Hours",""
"Gross Electricity Output","2009M02","State","Gigawatt Hours",""
"Gross Electricity Output","2009M03","State","Gigawatt Hours",""
"Gross Electricity Output","2009M04","State","Gigawatt Hours",""
"Gross Electricity Output","2009M05","State","Gigawatt Hours",""
"Gross Electricity Output","2009M06","State","Gigawatt Hours",""
"Gross Electricity Output","2009M07","State","Gigawatt Hours",""
"Gross Electricity Output","2009M08","State","Gigawatt Hours",""
"Gross Electricity Output","2009M09","State","Gigawatt Hours",""
"Gross Electricity Output","2009M10","State","Gigawatt Hours",""
"Gross Electricity Output","2009M11","State","Gigawatt Hours",""
"Gross Electricity Output","2009M12","State","Gigawatt Hours",""
"Gross Electricity Output","2010M01","State","Gigawatt Hours",""
"Gross Electricity Output","2010M02","State","Gigawatt Hours",""
"Gross Electricity Output","2010M03","State","Gigawatt Hours",""
"Gross Electricity Output","2010M04","State","Gigawatt Hours",""
"Gross Electricity Output","2010M05","State","Gigawatt Hours",""
"Gross Electricity Output","2010M06","State","Gigawatt Hours",""
"Gross Electricity Output","2010M07","State","Gigawatt Hours",""
"Gross Electricity Output","2010M08","State","Gigawatt Hours",""
"Gross Electricity Output","2010M09","State","Gigawatt Hours",""
"Gross Electricity Output","2010M10","State","Gigawatt Hours",""
"Gross Electricity Output","2010M11","State","Gigawatt Hours",""
"Gross Electricity Output","2010M12","State","Gigawatt Hours",""
"Gross Electricity Output","2011M01","State","Gigawatt Hours",""
"Gross Electricity Output","2011M02","State","Gigawatt Hours",""
"Gross Electricity Output","2011M03","State","Gigawatt Hours",""
"Gross Electricity Output","2011M04","State","Gigawatt Hours",""
"Gross Electricity Output","2011M05","State","Gigawatt Hours",""
"Gross Electricity Output","2011M06","State","Gigawatt Hours",""
"Gross Electricity Output","2011M07","State","Gigawatt Hours",""
"Gross Electricity Output","2011M08","State","Gigawatt Hours",""
"Gross Electricity Output","2011M09","State","Gigawatt Hours",""
"Gross Electricity Output","2011M10","State","Gigawatt Hours",""
"Gross Electricity Output","2011M11","State","Gigawatt Hours",""
"Gross Electricity Output","2011M12","State","Gigawatt Hours",""
"Gross Electricity Output","2012M01","State","Gigawatt Hours",""
"Gross Electricity Output","2012M02","State","Gigawatt Hours",""
"Gross Electricity Output","2012M03","State","Gigawatt Hours",""
"Gross Electricity Output","2012M04","State","Gigawatt Hours",""
"Gross Electricity Output","2012M05","State","Gigawatt Hours",""
"Gross Electricity Output","2012M06","State","Gigawatt Hours",""
"Gross Electricity Output","2012M07","State","Gigawatt Hours",""
"Gross Electricity Output","2012M08","State","Gigawatt Hours",""
"Gross Electricity Output","2012M09","State","Gigawatt Hours",""
"Gross Electricity Output","2012M10","State","Gigawatt Hours",""
"Gross Electricity Output","2012M11","State","Gigawatt Hours",""
"Gross Electricity Output","2012M12","State","Gigawatt Hours",""
"Gross Electricity Output","2013M01","State","Gigawatt Hours",""
"Gross Electricity Output","2013M02","State","Gigawatt Hours",""
"Gross Electricity Output","2013M03","State","Gigawatt Hours",""
"Gross Electricity Output","2013M04","State","Gigawatt Hours",""
"Gross Electricity Output","2013M05","State","Gigawatt Hours",""
"Gross Electricity Output","2013M06","State","Gigawatt Hours",""
"Gross Electricity Output","2013M07","State","Gigawatt Hours",""
"Gross Electricity Output","2013M08","State","Gigawatt Hours",""
"Gross Electricity Output","2013M09","State","Gigawatt Hours",""
"Gross Electricity Output","2013M10","State","Gigawatt Hours",""
"Gross Electricity Output","2013M11","State","Gigawatt Hours",""
"Gross Electricity Output","2013M12","State","Gigawatt Hours",""
"Gross Electricity Output","2014M01","State","Gigawatt Hours",""
"Gross Electricity Output","2014M02","State","Gigawatt Hours",""
"Gross Electricity Output","2014M03","State","Gigawatt Hours",""
"Gross Electricity Output","2014M04","State","Gigawatt Hours",""
"Gross Electricity Output","2014M05","State","Gigawatt Hours",""
"Gross Electricity Output","2014M06","State","Gigawatt Hours",""
"Gross Electricity Output","2014M07","State","Gigawatt Hours",""
"Gross Electricity Output","2014M08","State","Gigawatt Hours",""
"Gross Electricity Output","2014M09","State","Gigawatt Hours",""
"Gross Electricity Output","2014M10","State","Gigawatt Hours",""
"Gross Electricity Output","2014M11","State","Gigawatt Hours",""
"Gross Electricity Output","2014M12","State","Gigawatt Hours",""
"Gross Electricity Output","2015M01","State","Gigawatt Hours",""
"Gross Electricity Output","2015M02","State","Gigawatt Hours",""
"Gross Electricity Output","2015M03","State","Gigawatt Hours",""
"Gross Electricity Output","2015M04","State","Gigawatt Hours",""
"Gross Electricity Output","2015M05","State","Gigawatt Hours",""
"Gross Electricity Output","2015M06","State","Gigawatt Hours",""
"Gross Electricity Output","2015M07","State","Gigawatt Hours",""
"Gross Electricity Output","2015M08","State","Gigawatt Hours",""
"Gross Electricity Output","2015M09","State","Gigawatt Hours",""
"Gross Electricity Output","2015M10","State","Gigawatt Hours",""
"Gross Electricity Output","2015M11","State","Gigawatt Hours",""
"Gross Electricity Output","2015M12","State","Gigawatt Hours",""
"Gross Electricity Output","2016M01","State","Gigawatt Hours",""
"Gross Electricity Output","2016M02","State","Gigawatt Hours",""
"Gross Electricity Output","2016M03","State","Gigawatt Hours",""
"Gross Electricity Output","2016M04","State","Gigawatt Hours",""
"Gross Electricity Output","2016M05","State","Gigawatt Hours",""
"Gross Electricity Output","2016M06","State","Gigawatt Hours",""
"Gross Electricity Output","2016M07","State","Gigawatt Hours",""
"Gross Electricity Output","2016M08","State","Gigawatt Hours",""
"Gross Electricity Output","2016M09","State","Gigawatt Hours",""
"Gross Electricity Output","2016M10","State","Gigawatt Hours",""
"Gross Electricity Output","2016M11","State","Gigawatt Hours",""
"Gross Electricity Output","2016M12","State","Gigawatt Hours",""
"Gross Electricity Output","2017M01","State","Gigawatt Hours",""
"Gross Electricity Output","2017M02","State","Gigawatt Hours",""
"Gross Electricity Output","2017M03","State","Gigawatt Hours",""
"Gross Electricity Output","2017M04","State","Gigawatt Hours",""
"Gross Electricity Output","2017M05","State","Gigawatt Hours",""
"Gross Electricity Output","2017M06","State","Gigawatt Hours",""
"Gross Electricity Output","2017M07","State","Gigawatt Hours",""
"Gross Electricity Output","2017M08","State","Gigawatt Hours",""
"Gross Electricity Output","2017M09","State","Gigawatt Hours",""
"Gross Electricity Output","2017M10","State","Gigawatt Hours",""
"Gross Electricity Output","2017M11","State","Gigawatt Hours",""
"Gross Electricity Output","2017M12","State","Gigawatt Hours",""
"Gross Electricity Output","2018M01","State","Gigawatt Hours",""
"Gross Electricity Output","2018M02","State","Gigawatt Hours",""
"Gross Electricity Output","2018M03","State","Gigawatt Hours",""
"Gross Electricity Output","2018M04","State","Gigawatt Hours",""
"Gross Electricity Output","2018M05","State","Gigawatt Hours",""
"Gross Electricity Output","2018M06","State","Gigawatt Hours",""
"Gross Electricity Output","2018M07","State","Gigawatt Hours",""
"Gross Electricity Output","2018M08","State","Gigawatt Hours",""
"Gross Electricity Output","2018M09","State","Gigawatt Hours",""
"Gross Electricity Output","2018M10","State","Gigawatt Hours",""
"Gross Electricity Output","2018M11","State","Gigawatt Hours",""
"Gross Electricity Output","2018M12","State","Gigawatt Hours",""
"Gross Electricity Output","2019M01","State","Gigawatt Hours",""
"Gross Electricity Output","2019M02","State","Gigawatt Hours",""
"Gross Electricity Output","2019M03","State","Gigawatt Hours",""
"Gross Electricity Output","2019M04","State","Gigawatt Hours",""
"Gross Electricity Output","2019M05","State","Gigawatt Hours",""
"Gross Electricity Output","2019M06","State","Gigawatt Hours",""
"Gross Electricity Output","2019M07","State","Gigawatt Hours",""
"Gross Electricity Output","2019M08","State","Gigawatt Hours",""
"Gross Electricity Output","2019M09","State","Gigawatt Hours",""
"Gross Electricity Output","2019M10","State","Gigawatt Hours",""
"Gross Electricity Output","2019M11","State","Gigawatt Hours",""
"Gross Electricity Output","2019M12","State","Gigawatt Hours",""
"Gross Electricity Output","2020M01","State","Gigawatt Hours",""
"Gross Electricity Output","2020M02","State","Gigawatt Hours",""
"Gross Electricity Output","2020M03","State","Gigawatt Hours",""
"Gross Electricity Output","2020M04","State","Gigawatt Hours",""
"Gross Electricity Output","2020M05","State","Gigawatt Hours",""
"Gross Electricity Output","2020M06","State","Gigawatt Hours",""
"Gross Electricity Output","2020M07","State","Gigawatt Hours",""
"Gross Electricity Output","2020M08","State","Gigawatt Hours",""
"Gross Electricity Output","2020M09","State","Gigawatt Hours",""
"Gross Electricity Output","2020M10","State","Gigawatt Hours",""
"Gross Electricity Output","2020M11","State","Gigawatt Hours",""
"Gross Electricity Output","2020M12","State","Gigawatt Hours",""
"Gross Electricity Output","2021M01","State","Gigawatt Hours",""
"Gross Electricity Output","2021M02","State","Gigawatt Hours",""
"Gross Electricity Output","2021M03","State","Gigawatt Hours",""
"Gross Electricity Output","2021M04","State","Gigawatt Hours",""
"Gross Electricity Output","2021M05","State","Gigawatt Hours",""
"Gross Electricity Output","2021M06","State","Gigawatt Hours",""
"Gross Electricity Output","2021M07","State","Gigawatt Hours",""
"Gross Electricity Output","2021M08","State","Gigawatt Hours",""
"Gross Electricity Output","2021M09","State","Gigawatt Hours",""
"Gross Electricity Output","2021M10","State","Gigawatt Hours",""
"Gross Electricity Output","2021M11","State","Gigawatt Hours",""
"Gross Electricity Output","2021M12","State","Gigawatt Hours",""
"Gross Electricity Output","2022M01","State","Gigawatt Hours",""
"Gross Electricity Output","2022M02","State","Gigawatt Hours",""
"Gross Electricity Output","2022M03","State","Gigawatt Hours",""
"Gross Electricity Output","2022M04","State","Gigawatt Hours",""
"Gross Electricity Output","2022M05","State","Gigawatt Hours",""
"Gross Electricity Output","2022M06","State","Gigawatt Hours",""
"Gross Electricity Output","2022M07","State","Gigawatt Hours",""
"Gross Electricity Output","2022M08","State","Gigawatt Hours",""
"Gross Electricity Output","2022M09","State","Gigawatt Hours",""
"Net Electricity Output","1975M01","State","Gigawatt Hours",""
"Net Electricity Output","1975M02","State","Gigawatt Hours",""
"Net Electricity Output","1975M03","State","Gigawatt Hours",""
"Net Electricity Output","1975M04","State","Gigawatt Hours",""
"Net Electricity Output","1975M05","State","Gigawatt Hours",""
"Net Electricity Output","1975M06","State","Gigawatt Hours",""
"Net Electricity Output","1975M07","State","Gigawatt Hours",""
"Net Electricity Output","1975M08","State","Gigawatt Hours",""
"Net Electricity Output","1975M09","State","Gigawatt Hours",""
"Net Electricity Output","1975M10","State","Gigawatt Hours",""
"Net Electricity Output","1975M11","State","Gigawatt Hours",""
"Net Electricity Output","1975M12","State","Gigawatt Hours",""
"Net Electricity Output","1976M01","State","Gigawatt Hours",""
"Net Electricity Output","1976M02","State","Gigawatt Hours",""
"Net Electricity Output","1976M03","State","Gigawatt Hours",""
"Net Electricity Output","1976M04","State","Gigawatt Hours",""
"Net Electricity Output","1976M05","State","Gigawatt Hours",""
"Net Electricity Output","1976M06","State","Gigawatt Hours",""
"Net Electricity Output","1976M07","State","Gigawatt Hours",""
"Net Electricity Output","1976M08","State","Gigawatt Hours",""
"Net Electricity Output","1976M09","State","Gigawatt Hours",""
"Net Electricity Output","1976M10","State","Gigawatt Hours",""
"Net Electricity Output","1976M11","State","Gigawatt Hours",""
"Net Electricity Output","1976M12","State","Gigawatt Hours",""
"Net Electricity Output","1977M01","State","Gigawatt Hours",""
"Net Electricity Output","1977M02","State","Gigawatt Hours",""
"Net Electricity Output","1977M03","State","Gigawatt Hours",""
"Net Electricity Output","1977M04","State","Gigawatt Hours",""
"Net Electricity Output","1977M05","State","Gigawatt Hours",""
"Net Electricity Output","1977M06","State","Gigawatt Hours",""
"Net Electricity Output","1977M07","State","Gigawatt Hours",""
"Net Electricity Output","1977M08","State","Gigawatt Hours",""
"Net Electricity Output","1977M09","State","Gigawatt Hours",""
"Net Electricity Output","1977M10","State","Gigawatt Hours",""
"Net Electricity Output","1977M11","State","Gigawatt Hours",""
"Net Electricity Output","1977M12","State","Gigawatt Hours",""
"Net Electricity Output","1978M01","State","Gigawatt Hours",""
"Net Electricity Output","1978M02","State","Gigawatt Hours",""
"Net Electricity Output","1978M03","State","Gigawatt Hours",""
"Net Electricity Output","1978M04","State","Gigawatt Hours",""
"Net Electricity Output","1978M05","State","Gigawatt Hours",""
"Net Electricity Output","1978M06","State","Gigawatt Hours",""
"Net Electricity Output","1978M07","State","Gigawatt Hours",""
"Net Electricity Output","1978M08","State","Gigawatt Hours",""
"Net Electricity Output","1978M09","State","Gigawatt Hours",""
"Net Electricity Output","1978M10","State","Gigawatt Hours",""
"Net Electricity Output","1978M11","State","Gigawatt Hours",""
"Net Electricity Output","1978M12","State","Gigawatt Hours",""
"Net Electricity Output","1979M01","State","Gigawatt Hours",""
"Net Electricity Output","1979M02","State","Gigawatt Hours",""
"Net Electricity Output","1979M03","State","Gigawatt Hours",""
"Net Electricity Output","1979M04","State","Gigawatt Hours",""
"Net Electricity Output","1979M05","State","Gigawatt Hours",""
"Net Electricity Output","1979M06","State","Gigawatt Hours",""
"Net Electricity Output","1979M07","State","Gigawatt Hours",""
"Net Electricity Output","1979M08","State","Gigawatt Hours",""
"Net Electricity Output","1979M09","State","Gigawatt Hours",""
"Net Electricity Output","1979M10","State","Gigawatt Hours",""
"Net Electricity Output","1979M11","State","Gigawatt Hours",""
"Net Electricity Output","1979M12","State","Gigawatt Hours",""
"Net Electricity Output","1980M01","State","Gigawatt Hours",""
"Net Electricity Output","1980M02","State","Gigawatt Hours",""
"Net Electricity Output","1980M03","State","Gigawatt Hours",""
"Net Electricity Output","1980M04","State","Gigawatt Hours",""
"Net Electricity Output","1980M05","State","Gigawatt Hours",""
"Net Electricity Output","1980M06","State","Gigawatt Hours",""
"Net Electricity Output","1980M07","State","Gigawatt Hours",""
"Net Electricity Output","1980M08","State","Gigawatt Hours",""
"Net Electricity Output","1980M09","State","Gigawatt Hours",""
"Net Electricity Output","1980M10","State","Gigawatt Hours",""
"Net Electricity Output","1980M11","State","Gigawatt Hours",""
"Net Electricity Output","1980M12","State","Gigawatt Hours",""
"Net Electricity Output","1981M01","State","Gigawatt Hours",""
"Net Electricity Output","1981M02","State","Gigawatt Hours",""
"Net Electricity Output","1981M03","State","Gigawatt Hours",""
"Net Electricity Output","1981M04","State","Gigawatt Hours",""
"Net Electricity Output","1981M05","State","Gigawatt Hours",""
"Net Electricity Output","1981M06","State","Gigawatt Hours",""
"Net Electricity Output","1981M07","State","Gigawatt Hours",""
"Net Electricity Output","1981M08","State","Gigawatt Hours",""
"Net Electricity Output","1981M09","State","Gigawatt Hours",""
"Net Electricity Output","1981M10","State","Gigawatt Hours",""
"Net Electricity Output","1981M11","State","Gigawatt Hours",""
"Net Electricity Output","1981M12","State","Gigawatt Hours",""
"Net Electricity Output","1982M01","State","Gigawatt Hours",""
"Net Electricity Output","1982M02","State","Gigawatt Hours",""
"Net Electricity Output","1982M03","State","Gigawatt Hours",""
"Net Electricity Output","1982M04","State","Gigawatt Hours",""
"Net Electricity Output","1982M05","State","Gigawatt Hours",""
"Net Electricity Output","1982M06","State","Gigawatt Hours",""
"Net Electricity Output","1982M07","State","Gigawatt Hours",""
"Net Electricity Output","1982M08","State","Gigawatt Hours",""
"Net Electricity Output","1982M09","State","Gigawatt Hours",""
"Net Electricity Output","1982M10","State","Gigawatt Hours",""
"Net Electricity Output","1982M11","State","Gigawatt Hours",""
"Net Electricity Output","1982M12","State","Gigawatt Hours",""
"Net Electricity Output","1983M01","State","Gigawatt Hours",""
"Net Electricity Output","1983M02","State","Gigawatt Hours",""
"Net Electricity Output","1983M03","State","Gigawatt Hours",""
"Net Electricity Output","1983M04","State","Gigawatt Hours",""
"Net Electricity Output","1983M05","State","Gigawatt Hours",""
"Net Electricity Output","1983M06","State","Gigawatt Hours",""
"Net Electricity Output","1983M07","State","Gigawatt Hours",""
"Net Electricity Output","1983M08","State","Gigawatt Hours",""
"Net Electricity Output","1983M09","State","Gigawatt Hours",""
"Net Electricity Output","1983M10","State","Gigawatt Hours",""
"Net Electricity Output","1983M11","State","Gigawatt Hours",""
"Net Electricity Output","1983M12","State","Gigawatt Hours",""
"Net Electricity Output","1984M01","State","Gigawatt Hours",""
"Net Electricity Output","1984M02","State","Gigawatt Hours",""
"Net Electricity Output","1984M03","State","Gigawatt Hours",""
"Net Electricity Output","1984M04","State","Gigawatt Hours",""
"Net Electricity Output","1984M05","State","Gigawatt Hours",""
"Net Electricity Output","1984M06","State","Gigawatt Hours",""
"Net Electricity Output","1984M07","State","Gigawatt Hours",""
"Net Electricity Output","1984M08","State","Gigawatt Hours",""
"Net Electricity Output","1984M09","State","Gigawatt Hours",""
"Net Electricity Output","1984M10","State","Gigawatt Hours",""
"Net Electricity Output","1984M11","State","Gigawatt Hours",""
"Net Electricity Output","1984M12","State","Gigawatt Hours",""
"Net Electricity Output","1985M01","State","Gigawatt Hours",""
"Net Electricity Output","1985M02","State","Gigawatt Hours",""
"Net Electricity Output","1985M03","State","Gigawatt Hours",""
"Net Electricity Output","1985M04","State","Gigawatt Hours",""
"Net Electricity Output","1985M05","State","Gigawatt Hours",""
"Net Electricity Output","1985M06","State","Gigawatt Hours",""
"Net Electricity Output","1985M07","State","Gigawatt Hours",""
"Net Electricity Output","1985M08","State","Gigawatt Hours",""
"Net Electricity Output","1985M09","State","Gigawatt Hours",""
"Net Electricity Output","1985M10","State","Gigawatt Hours",""
"Net Electricity Output","1985M11","State","Gigawatt Hours",""
"Net Electricity Output","1985M12","State","Gigawatt Hours",""
"Net Electricity Output","1986M01","State","Gigawatt Hours",""
"Net Electricity Output","1986M02","State","Gigawatt Hours",""
"Net Electricity Output","1986M03","State","Gigawatt Hours",""
"Net Electricity Output","1986M04","State","Gigawatt Hours",""
"Net Electricity Output","1986M05","State","Gigawatt Hours",""
"Net Electricity Output","1986M06","State","Gigawatt Hours",""
"Net Electricity Output","1986M07","State","Gigawatt Hours",""
"Net Electricity Output","1986M08","State","Gigawatt Hours",""
"Net Electricity Output","1986M09","State","Gigawatt Hours",""
"Net Electricity Output","1986M10","State","Gigawatt Hours",""
"Net Electricity Output","1986M11","State","Gigawatt Hours",""
"Net Electricity Output","1986M12","State","Gigawatt Hours",""
"Net Electricity Output","1987M01","State","Gigawatt Hours",""
"Net Electricity Output","1987M02","State","Gigawatt Hours",""
"Net Electricity Output","1987M03","State","Gigawatt Hours",""
"Net Electricity Output","1987M04","State","Gigawatt Hours",""
"Net Electricity Output","1987M05","State","Gigawatt Hours",""
"Net Electricity Output","1987M06","State","Gigawatt Hours",""
"Net Electricity Output","1987M07","State","Gigawatt Hours",""
"Net Electricity Output","1987M08","State","Gigawatt Hours",""
"Net Electricity Output","1987M09","State","Gigawatt Hours",""
"Net Electricity Output","1987M10","State","Gigawatt Hours",""
"Net Electricity Output","1987M11","State","Gigawatt Hours",""
"Net Electricity Output","1987M12","State","Gigawatt Hours",""
"Net Electricity Output","1988M01","State","Gigawatt Hours",""
"Net Electricity Output","1988M02","State","Gigawatt Hours",""
"Net Electricity Output","1988M03","State","Gigawatt Hours",""
"Net Electricity Output","1988M04","State","Gigawatt Hours",""
"Net Electricity Output","1988M05","State","Gigawatt Hours",""
"Net Electricity Output","1988M06","State","Gigawatt Hours",""
"Net Electricity Output","1988M07","State","Gigawatt Hours",""
"Net Electricity Output","1988M08","State","Gigawatt Hours",""
"Net Electricity Output","1988M09","State","Gigawatt Hours",""
"Net Electricity Output","1988M10","State","Gigawatt Hours",""
"Net Electricity Output","1988M11","State","Gigawatt Hours",""
"Net Electricity Output","1988M12","State","Gigawatt Hours",""
"Net Electricity Output","1989M01","State","Gigawatt Hours",""
"Net Electricity Output","1989M02","State","Gigawatt Hours",""
"Net Electricity Output","1989M03","State","Gigawatt Hours",""
"Net Electricity Output","1989M04","State","Gigawatt Hours",""
"Net Electricity Output","1989M05","State","Gigawatt Hours",""
"Net Electricity Output","1989M06","State","Gigawatt Hours",""
"Net Electricity Output","1989M07","State","Gigawatt Hours",""
"Net Electricity Output","1989M08","State","Gigawatt Hours",""
"Net Electricity Output","1989M09","State","Gigawatt Hours",""
"Net Electricity Output","1989M10","State","Gigawatt Hours",""
"Net Electricity Output","1989M11","State","Gigawatt Hours",""
"Net Electricity Output","1989M12","State","Gigawatt Hours",""
"Net Electricity Output","1990M01","State","Gigawatt Hours",""
"Net Electricity Output","1990M02","State","Gigawatt Hours",""
"Net Electricity Output","1990M03","State","Gigawatt Hours",""
"Net Electricity Output","1990M04","State","Gigawatt Hours",""
"Net Electricity Output","1990M05","State","Gigawatt Hours",""
"Net Electricity Output","1990M06","State","Gigawatt Hours",""
"Net Electricity Output","1990M07","State","Gigawatt Hours",""
"Net Electricity Output","1990M08","State","Gigawatt Hours",""
"Net Electricity Output","1990M09","State","Gigawatt Hours",""
"Net Electricity Output","1990M10","State","Gigawatt Hours",""
"Net Electricity Output","1990M11","State","Gigawatt Hours",""
"Net Electricity Output","1990M12","State","Gigawatt Hours",""
"Net Electricity Output","1991M01","State","Gigawatt Hours",""
"Net Electricity Output","1991M02","State","Gigawatt Hours",""
"Net Electricity Output","1991M03","State","Gigawatt Hours",""
"Net Electricity Output","1991M04","State","Gigawatt Hours",""
"Net Electricity Output","1991M05","State","Gigawatt Hours",""
"Net Electricity Output","1991M06","State","Gigawatt Hours",""
"Net Electricity Output","1991M07","State","Gigawatt Hours",""
"Net Electricity Output","1991M08","State","Gigawatt Hours",""
"Net Electricity Output","1991M09","State","Gigawatt Hours",""
"Net Electricity Output","1991M10","State","Gigawatt Hours",""
"Net Electricity Output","1991M11","State","Gigawatt Hours",""
"Net Electricity Output","1991M12","State","Gigawatt Hours",""
"Net Electricity Output","1992M01","State","Gigawatt Hours",""
"Net Electricity Output","1992M02","State","Gigawatt Hours",""
"Net Electricity Output","1992M03","State","Gigawatt Hours",""
"Net Electricity Output","1992M04","State","Gigawatt Hours",""
"Net Electricity Output","1992M05","State","Gigawatt Hours",""
"Net Electricity Output","1992M06","State","Gigawatt Hours",""
"Net Electricity Output","1992M07","State","Gigawatt Hours",""
"Net Electricity Output","1992M08","State","Gigawatt Hours",""
"Net Electricity Output","1992M09","State","Gigawatt Hours",""
"Net Electricity Output","1992M10","State","Gigawatt Hours",""
"Net Electricity Output","1992M11","State","Gigawatt Hours",""
"Net Electricity Output","1992M12","State","Gigawatt Hours",""
"Net Electricity Output","1993M01","State","Gigawatt Hours",""
"Net Electricity Output","1993M02","State","Gigawatt Hours",""
"Net Electricity Output","1993M03","State","Gigawatt Hours",""
"Net Electricity Output","1993M04","State","Gigawatt Hours",""
"Net Electricity Output","1993M05","State","Gigawatt Hours",""
"Net Electricity Output","1993M06","State","Gigawatt Hours",""
"Net Electricity Output","1993M07","State","Gigawatt Hours",""
"Net Electricity Output","1993M08","State","Gigawatt Hours",""
"Net Electricity Output","1993M09","State","Gigawatt Hours",""
"Net Electricity Output","1993M10","State","Gigawatt Hours",""
"Net Electricity Output","1993M11","State","Gigawatt Hours",""
"Net Electricity Output","1993M12","State","Gigawatt Hours",""
"Net Electricity Output","1994M01","State","Gigawatt Hours",""
"Net Electricity Output","1994M02","State","Gigawatt Hours",""
"Net Electricity Output","1994M03","State","Gigawatt Hours",""
"Net Electricity Output","1994M04","State","Gigawatt Hours",""
"Net Electricity Output","1994M05","State","Gigawatt Hours",""
"Net Electricity Output","1994M06","State","Gigawatt Hours",""
"Net Electricity Output","1994M07","State","Gigawatt Hours",""
"Net Electricity Output","1994M08","State","Gigawatt Hours",""
"Net Electricity Output","1994M09","State","Gigawatt Hours",""
"Net Electricity Output","1994M10","State","Gigawatt Hours",""
"Net Electricity Output","1994M11","State","Gigawatt Hours",""
"Net Electricity Output","1994M12","State","Gigawatt Hours",""
"Net Electricity Output","1995M01","State","Gigawatt Hours",""
"Net Electricity Output","1995M02","State","Gigawatt Hours",""
"Net Electricity Output","1995M03","State","Gigawatt Hours",""
"Net Electricity Output","1995M04","State","Gigawatt Hours",""
"Net Electricity Output","1995M05","State","Gigawatt Hours",""
"Net Electricity Output","1995M06","State","Gigawatt Hours",""
"Net Electricity Output","1995M07","State","Gigawatt Hours",""
"Net Electricity Output","1995M08","State","Gigawatt Hours",""
"Net Electricity Output","1995M09","State","Gigawatt Hours",""
"Net Electricity Output","1995M10","State","Gigawatt Hours",""
"Net Electricity Output","1995M11","State","Gigawatt Hours",""
"Net Electricity Output","1995M12","State","Gigawatt Hours",""
"Net Electricity Output","1996M01","State","Gigawatt Hours",""
"Net Electricity Output","1996M02","State","Gigawatt Hours",""
"Net Electricity Output","1996M03","State","Gigawatt Hours",""
"Net Electricity Output","1996M04","State","Gigawatt Hours",""
"Net Electricity Output","1996M05","State","Gigawatt Hours",""
"Net Electricity Output","1996M06","State","Gigawatt Hours",""
"Net Electricity Output","1996M07","State","Gigawatt Hours",""
"Net Electricity Output","1996M08","State","Gigawatt Hours",""
"Net Electricity Output","1996M09","State","Gigawatt Hours",""
"Net Electricity Output","1996M10","State","Gigawatt Hours",""
"Net Electricity Output","1996M11","State","Gigawatt Hours",""
"Net Electricity Output","1996M12","State","Gigawatt Hours",""
"Net Electricity Output","1997M01","State","Gigawatt Hours",""
"Net Electricity Output","1997M02","State","Gigawatt Hours",""
"Net Electricity Output","1997M03","State","Gigawatt Hours",""
"Net Electricity Output","1997M04","State","Gigawatt Hours",""
"Net Electricity Output","1997M05","State","Gigawatt Hours",""
"Net Electricity Output","1997M06","State","Gigawatt Hours",""
"Net Electricity Output","1997M07","State","Gigawatt Hours",""
"Net Electricity Output","1997M08","State","Gigawatt Hours",""
"Net Electricity Output","1997M09","State","Gigawatt Hours",""
"Net Electricity Output","1997M10","State","Gigawatt Hours",""
"Net Electricity Output","1997M11","State","Gigawatt Hours",""
"Net Electricity Output","1997M12","State","Gigawatt Hours",""
"Net Electricity Output","1998M01","State","Gigawatt Hours",""
"Net Electricity Output","1998M02","State","Gigawatt Hours",""
"Net Electricity Output","1998M03","State","Gigawatt Hours",""
"Net Electricity Output","1998M04","State","Gigawatt Hours",""
"Net Electricity Output","1998M05","State","Gigawatt Hours",""
"Net Electricity Output","1998M06","State","Gigawatt Hours",""
"Net Electricity Output","1998M07","State","Gigawatt Hours",""
"Net Electricity Output","1998M08","State","Gigawatt Hours",""
"Net Electricity Output","1998M09","State","Gigawatt Hours",""
"Net Electricity Output","1998M10","State","Gigawatt Hours",""
"Net Electricity Output","1998M11","State","Gigawatt Hours",""
"Net Electricity Output","1998M12","State","Gigawatt Hours",""
"Net Electricity Output","1999M01","State","Gigawatt Hours",""
"Net Electricity Output","1999M02","State","Gigawatt Hours",""
"Net Electricity Output","1999M03","State","Gigawatt Hours",""
"Net Electricity Output","1999M04","State","Gigawatt Hours",""
"Net Electricity Output","1999M05","State","Gigawatt Hours",""
"Net Electricity Output","1999M06","State","Gigawatt Hours",""
"Net Electricity Output","1999M07","State","Gigawatt Hours",""
"Net Electricity Output","1999M08","State","Gigawatt Hours",""
"Net Electricity Output","1999M09","State","Gigawatt Hours",""
"Net Electricity Output","1999M10","State","Gigawatt Hours",""
"Net Electricity Output","1999M11","State","Gigawatt Hours",""
"Net Electricity Output","1999M12","State","Gigawatt Hours",""
"Net Electricity Output","2000M01","State","Gigawatt Hours",""
"Net Electricity Output","2000M02","State","Gigawatt Hours",""
"Net Electricity Output","2000M03","State","Gigawatt Hours",""
"Net Electricity Output","2000M04","State","Gigawatt Hours",""
"Net Electricity Output","2000M05","State","Gigawatt Hours",""
"Net Electricity Output","2000M06","State","Gigawatt Hours",""
"Net Electricity Output","2000M07","State","Gigawatt Hours",""
"Net Electricity Output","2000M08","State","Gigawatt Hours",""
"Net Electricity Output","2000M09","State","Gigawatt Hours",""
"Net Electricity Output","2000M10","State","Gigawatt Hours",""
"Net Electricity Output","2000M11","State","Gigawatt Hours",""
"Net Electricity Output","2000M12","State","Gigawatt Hours",""
"Net Electricity Output","2001M01","State","Gigawatt Hours",""
"Net Electricity Output","2001M02","State","Gigawatt Hours",""
"Net Electricity Output","2001M03","State","Gigawatt Hours",""
"Net Electricity Output","2001M04","State","Gigawatt Hours",""
"Net Electricity Output","2001M05","State","Gigawatt Hours",""
"Net Electricity Output","2001M06","State","Gigawatt Hours",""
"Net Electricity Output","2001M07","State","Gigawatt Hours",""
"Net Electricity Output","2001M08","State","Gigawatt Hours",""
"Net Electricity Output","2001M09","State","Gigawatt Hours",""
"Net Electricity Output","2001M10","State","Gigawatt Hours",""
"Net Electricity Output","2001M11","State","Gigawatt Hours",""
"Net Electricity Output","2001M12","State","Gigawatt Hours",""
"Net Electricity Output","2002M01","State","Gigawatt Hours",""
"Net Electricity Output","2002M02","State","Gigawatt Hours",""
"Net Electricity Output","2002M03","State","Gigawatt Hours",""
"Net Electricity Output","2002M04","State","Gigawatt Hours",""
"Net Electricity Output","2002M05","State","Gigawatt Hours",""
"Net Electricity Output","2002M06","State","Gigawatt Hours",""
"Net Electricity Output","2002M07","State","Gigawatt Hours",""
"Net Electricity Output","2002M08","State","Gigawatt Hours",""
"Net Electricity Output","2002M09","State","Gigawatt Hours",""
"Net Electricity Output","2002M10","State","Gigawatt Hours",""
"Net Electricity Output","2002M11","State","Gigawatt Hours",""
"Net Electricity Output","2002M12","State","Gigawatt Hours",""
"Net Electricity Output","2003M01","State","Gigawatt Hours",""
"Net Electricity Output","2003M02","State","Gigawatt Hours",""
"Net Electricity Output","2003M03","State","Gigawatt Hours",""
"Net Electricity Output","2003M04","State","Gigawatt Hours",""
"Net Electricity Output","2003M05","State","Gigawatt Hours",""
"Net Electricity Output","2003M06","State","Gigawatt Hours",""
"Net Electricity Output","2003M07","State","Gigawatt Hours",""
"Net Electricity Output","2003M08","State","Gigawatt Hours",""
"Net Electricity Output","2003M09","State","Gigawatt Hours",""
"Net Electricity Output","2003M10","State","Gigawatt Hours",""
"Net Electricity Output","2003M11","State","Gigawatt Hours",""
"Net Electricity Output","2003M12","State","Gigawatt Hours",""
"Net Electricity Output","2004M01","State","Gigawatt Hours",""
"Net Electricity Output","2004M02","State","Gigawatt Hours",""
"Net Electricity Output","2004M03","State","Gigawatt Hours",""
"Net Electricity Output","2004M04","State","Gigawatt Hours",""
"Net Electricity Output","2004M05","State","Gigawatt Hours",""
"Net Electricity Output","2004M06","State","Gigawatt Hours",""
"Net Electricity Output","2004M07","State","Gigawatt Hours",""
"Net Electricity Output","2004M08","State","Gigawatt Hours",""
"Net Electricity Output","2004M09","State","Gigawatt Hours",""
"Net Electricity Output","2004M10","State","Gigawatt Hours",""
"Net Electricity Output","2004M11","State","Gigawatt Hours",""
"Net Electricity Output","2004M12","State","Gigawatt Hours",""
"Net Electricity Output","2005M01","State","Gigawatt Hours",""
"Net Electricity Output","2005M02","State","Gigawatt Hours",""
"Net Electricity Output","2005M03","State","Gigawatt Hours",""
"Net Electricity Output","2005M04","State","Gigawatt Hours",""
"Net Electricity Output","2005M05","State","Gigawatt Hours",""
"Net Electricity Output","2005M06","State","Gigawatt Hours",""
"Net Electricity Output","2005M07","State","Gigawatt Hours",""
"Net Electricity Output","2005M08","State","Gigawatt Hours",""
"Net Electricity Output","2005M09","State","Gigawatt Hours",""
"Net Electricity Output","2005M10","State","Gigawatt Hours",""
"Net Electricity Output","2005M11","State","Gigawatt Hours",""
"Net Electricity Output","2005M12","State","Gigawatt Hours",""
"Net Electricity Output","2006M01","State","Gigawatt Hours",""
"Net Electricity Output","2006M02","State","Gigawatt Hours",""
"Net Electricity Output","2006M03","State","Gigawatt Hours",""
"Net Electricity Output","2006M04","State","Gigawatt Hours",""
"Net Electricity Output","2006M05","State","Gigawatt Hours",""
"Net Electricity Output","2006M06","State","Gigawatt Hours",""
"Net Electricity Output","2006M07","State","Gigawatt Hours",""
"Net Electricity Output","2006M08","State","Gigawatt Hours",""
"Net Electricity Output","2006M09","State","Gigawatt Hours",""
"Net Electricity Output","2006M10","State","Gigawatt Hours",""
"Net Electricity Output","2006M11","State","Gigawatt Hours",""
"Net Electricity Output","2006M12","State","Gigawatt Hours",""
"Net Electricity Output","2007M01","State","Gigawatt Hours","2501"
"Net Electricity Output","2007M02","State","Gigawatt Hours","2262"
"Net Electricity Output","2007M03","State","Gigawatt Hours","2377"
"Net Electricity Output","2007M04","State","Gigawatt Hours","1953"
"Net Electricity Output","2007M05","State","Gigawatt Hours","1977"
"Net Electricity Output","2007M06","State","Gigawatt Hours","1909"
"Net Electricity Output","2007M07","State","Gigawatt Hours","1941"
"Net Electricity Output","2007M08","State","Gigawatt Hours","2019"
"Net Electricity Output","2007M09","State","Gigawatt Hours","2087"
"Net Electricity Output","2007M10","State","Gigawatt Hours","2351"
"Net Electricity Output","2007M11","State","Gigawatt Hours","2450"
"Net Electricity Output","2007M12","State","Gigawatt Hours","2580"
"Net Electricity Output","2008M01","State","Gigawatt Hours","2653"
"Net Electricity Output","2008M02","State","Gigawatt Hours","2423"
"Net Electricity Output","2008M03","State","Gigawatt Hours","2418"
"Net Electricity Output","2008M04","State","Gigawatt Hours","2226"
"Net Electricity Output","2008M05","State","Gigawatt Hours","2155"
"Net Electricity Output","2008M06","State","Gigawatt Hours","2111"
"Net Electricity Output","2008M07","State","Gigawatt Hours","2135"
"Net Electricity Output","2008M08","State","Gigawatt Hours","2120"
"Net Electricity Output","2008M09","State","Gigawatt Hours","2144"
"Net Electricity Output","2008M10","State","Gigawatt Hours","2457"
"Net Electricity Output","2008M11","State","Gigawatt Hours","2532"
"Net Electricity Output","2008M12","State","Gigawatt Hours","2518"
"Net Electricity Output","2009M01","State","Gigawatt Hours","2609"
"Net Electricity Output","2009M02","State","Gigawatt Hours","2281"
"Net Electricity Output","2009M03","State","Gigawatt Hours","2293"
"Net Electricity Output","2009M04","State","Gigawatt Hours","2069"
"Net Electricity Output","2009M05","State","Gigawatt Hours","2036"
"Net Electricity Output","2009M06","State","Gigawatt Hours","1916"
"Net Electricity Output","2009M07","State","Gigawatt Hours","1916"
"Net Electricity Output","2009M08","State","Gigawatt Hours","1924"
"Net Electricity Output","2009M09","State","Gigawatt Hours","1977"
"Net Electricity Output","2009M10","State","Gigawatt Hours","2211"
"Net Electricity Output","2009M11","State","Gigawatt Hours","2292"
"Net Electricity Output","2009M12","State","Gigawatt Hours","2453"
"Net Electricity Output","2010M01","State","Gigawatt Hours","2491"
"Net Electricity Output","2010M02","State","Gigawatt Hours","2237"
"Net Electricity Output","2010M03","State","Gigawatt Hours","2371"
"Net Electricity Output","2010M04","State","Gigawatt Hours","2094"
"Net Electricity Output","2010M05","State","Gigawatt Hours","1993"
"Net Electricity Output","2010M06","State","Gigawatt Hours","1957"
"Net Electricity Output","2010M07","State","Gigawatt Hours","2060"
"Net Electricity Output","2010M08","State","Gigawatt Hours","1985"
"Net Electricity Output","2010M09","State","Gigawatt Hours","2128"
"Net Electricity Output","2010M10","State","Gigawatt Hours","2213"
"Net Electricity Output","2010M11","State","Gigawatt Hours","2378"
"Net Electricity Output","2010M12","State","Gigawatt Hours","2570"
"Net Electricity Output","2011M01","State","Gigawatt Hours","2491"
"Net Electricity Output","2011M02","State","Gigawatt Hours","2165"
"Net Electricity Output","2011M03","State","Gigawatt Hours","2247"
"Net Electricity Output","2011M04","State","Gigawatt Hours","1922"
"Net Electricity Output","2011M05","State","Gigawatt Hours","2004"
"Net Electricity Output","2011M06","State","Gigawatt Hours","1882"
"Net Electricity Output","2011M07","State","Gigawatt Hours","1928"
"Net Electricity Output","2011M08","State","Gigawatt Hours","1989"
"Net Electricity Output","2011M09","State","Gigawatt Hours","2006"
"Net Electricity Output","2011M10","State","Gigawatt Hours","2215"
"Net Electricity Output","2011M11","State","Gigawatt Hours","2302"
"Net Electricity Output","2011M12","State","Gigawatt Hours","2487"
"Net Electricity Output","2012M01","State","Gigawatt Hours","2491"
"Net Electricity Output","2012M02","State","Gigawatt Hours","2251"
"Net Electricity Output","2012M03","State","Gigawatt Hours","2138"
"Net Electricity Output","2012M04","State","Gigawatt Hours","2032"
"Net Electricity Output","2012M05","State","Gigawatt Hours","2044"
"Net Electricity Output","2012M06","State","Gigawatt Hours","1878"
"Net Electricity Output","2012M07","State","Gigawatt Hours","1928"
"Net Electricity Output","2012M08","State","Gigawatt Hours","1916"
"Net Electricity Output","2012M09","State","Gigawatt Hours","1900"
"Net Electricity Output","2012M10","State","Gigawatt Hours","2157"
"Net Electricity Output","2012M11","State","Gigawatt Hours","2275"
"Net Electricity Output","2012M12","State","Gigawatt Hours","2297"
"Net Electricity Output","2013M01","State","Gigawatt Hours","2275"
"Net Electricity Output","2013M02","State","Gigawatt Hours","2067"
"Net Electricity Output","2013M03","State","Gigawatt Hours","2359"
"Net Electricity Output","2013M04","State","Gigawatt Hours","2079"
"Net Electricity Output","2013M05","State","Gigawatt Hours","1754"
"Net Electricity Output","2013M06","State","Gigawatt Hours","1673"
"Net Electricity Output","2013M07","State","Gigawatt Hours","1769"
"Net Electricity Output","2013M08","State","Gigawatt Hours","1732"
"Net Electricity Output","2013M09","State","Gigawatt Hours","1830"
"Net Electricity Output","2013M10","State","Gigawatt Hours","1978"
"Net Electricity Output","2013M11","State","Gigawatt Hours","2007"
"Net Electricity Output","2013M12","State","Gigawatt Hours","2191"
"Net Electricity Output","2014M01","State","Gigawatt Hours","2116"
"Net Electricity Output","2014M02","State","Gigawatt Hours","1928"
"Net Electricity Output","2014M03","State","Gigawatt Hours","2109"
"Net Electricity Output","2014M04","State","Gigawatt Hours","1887"
"Net Electricity Output","2014M05","State","Gigawatt Hours","1881"
"Net Electricity Output","2014M06","State","Gigawatt Hours","1768"
"Net Electricity Output","2014M07","State","Gigawatt Hours","1847"
"Net Electricity Output","2014M08","State","Gigawatt Hours","1805"
"Net Electricity Output","2014M09","State","Gigawatt Hours","1879"
"Net Electricity Output","2014M10","State","Gigawatt Hours","1960"
"Net Electricity Output","2014M11","State","Gigawatt Hours","2117"
"Net Electricity Output","2014M12","State","Gigawatt Hours","2301"
"Net Electricity Output","2015M01","State","Gigawatt Hours","2401"
"Net Electricity Output","2015M02","State","Gigawatt Hours","2143"
"Net Electricity Output","2015M03","State","Gigawatt Hours","2299"
"Net Electricity Output","2015M04","State","Gigawatt Hours","2055"
"Net Electricity Output","2015M05","State","Gigawatt Hours","2121"
"Net Electricity Output","2015M06","State","Gigawatt Hours","1949"
"Net Electricity Output","2015M07","State","Gigawatt Hours","2100"
"Net Electricity Output","2015M08","State","Gigawatt Hours","2059"
"Net Electricity Output","2015M09","State","Gigawatt Hours","2130"
"Net Electricity Output","2015M10","State","Gigawatt Hours","2246"
"Net Electricity Output","2015M11","State","Gigawatt Hours","2339"
"Net Electricity Output","2015M12","State","Gigawatt Hours","2443"
"Net Electricity Output","2016M01","State","Gigawatt Hours","2505"
"Net Electricity Output","2016M02","State","Gigawatt Hours","2499"
"Net Electricity Output","2016M03","State","Gigawatt Hours","2458"
"Net Electricity Output","2016M04","State","Gigawatt Hours","2285"
"Net Electricity Output","2016M05","State","Gigawatt Hours","2180"
"Net Electricity Output","2016M06","State","Gigawatt Hours","2139"
"Net Electricity Output","2016M07","State","Gigawatt Hours","2293"
"Net Electricity Output","2016M08","State","Gigawatt Hours","2313"
"Net Electricity Output","2016M09","State","Gigawatt Hours","2283"
"Net Electricity Output","2016M10","State","Gigawatt Hours","2384"
"Net Electricity Output","2016M11","State","Gigawatt Hours","2513"
"Net Electricity Output","2016M12","State","Gigawatt Hours","2533"
"Net Electricity Output","2017M01","State","Gigawatt Hours","2679"
"Net Electricity Output","2017M02","State","Gigawatt Hours","2387"
"Net Electricity Output","2017M03","State","Gigawatt Hours","2494"
"Net Electricity Output","2017M04","State","Gigawatt Hours","2318"
"Net Electricity Output","2017M05","State","Gigawatt Hours","2199"
"Net Electricity Output","2017M06","State","Gigawatt Hours","2281"
"Net Electricity Output","2017M07","State","Gigawatt Hours","2333"
"Net Electricity Output","2017M08","State","Gigawatt Hours","2269"
"Net Electricity Output","2017M09","State","Gigawatt Hours","2355"
"Net Electricity Output","2017M10","State","Gigawatt Hours","2326"
"Net Electricity Output","2017M11","State","Gigawatt Hours","2466"
"Net Electricity Output","2017M12","State","Gigawatt Hours","2603"
"Net Electricity Output","2018M01","State","Gigawatt Hours","2646"
"Net Electricity Output","2018M02","State","Gigawatt Hours","2458"
"Net Electricity Output","2018M03","State","Gigawatt Hours","2560"
"Net Electricity Output","2018M04","State","Gigawatt Hours","2383"
"Net Electricity Output","2018M05","State","Gigawatt Hours","2344"
"Net Electricity Output","2018M06","State","Gigawatt Hours","2280"
"Net Electricity Output","2018M07","State","Gigawatt Hours","2290"
"Net Electricity Output","2018M08","State","Gigawatt Hours","2287"
"Net Electricity Output","2018M09","State","Gigawatt Hours","2188"
"Net Electricity Output","2018M10","State","Gigawatt Hours","2346"
"Net Electricity Output","2018M11","State","Gigawatt Hours","2537"
"Net Electricity Output","2018M12","State","Gigawatt Hours","2458"
"Net Electricity Output","2019M01","State","Gigawatt Hours","2111"
"Net Electricity Output","2019M02","State","Gigawatt Hours","2364"
"Net Electricity Output","2019M03","State","Gigawatt Hours","2429"
"Net Electricity Output","2019M04","State","Gigawatt Hours","2359"
"Net Electricity Output","2019M05","State","Gigawatt Hours","2313"
"Net Electricity Output","2019M06","State","Gigawatt Hours","2257"
"Net Electricity Output","2019M07","State","Gigawatt Hours","2104"
"Net Electricity Output","2019M08","State","Gigawatt Hours","2125"
"Net Electricity Output","2019M09","State","Gigawatt Hours","2141"
"Net Electricity Output","2019M10","State","Gigawatt Hours","2398"
"Net Electricity Output","2019M11","State","Gigawatt Hours","2674"
"Net Electricity Output","2019M12","State","Gigawatt Hours","2633"
"Net Electricity Output","2020M01","State","Gigawatt Hours","2641"
"Net Electricity Output","2020M02","State","Gigawatt Hours","2663"
"Net Electricity Output","2020M03","State","Gigawatt Hours","2398"
"Net Electricity Output","2020M04","State","Gigawatt Hours","2023"
"Net Electricity Output","2020M05","State","Gigawatt Hours","2213"
"Net Electricity Output","2020M06","State","Gigawatt Hours","2228"
"Net Electricity Output","2020M07","State","Gigawatt Hours","2344"
"Net Electricity Output","2020M08","State","Gigawatt Hours","2382"
"Net Electricity Output","2020M09","State","Gigawatt Hours","2432"
"Net Electricity Output","2020M10","State","Gigawatt Hours","2636"
"Net Electricity Output","2020M11","State","Gigawatt Hours","2662"
"Net Electricity Output","2020M12","State","Gigawatt Hours","2881"
"Net Electricity Output","2021M01","State","Gigawatt Hours","2820"
"Net Electricity Output","2021M02","State","Gigawatt Hours","2573"
"Net Electricity Output","2021M03","State","Gigawatt Hours","2572"
"Net Electricity Output","2021M04","State","Gigawatt Hours","2292"
"Net Electricity Output","2021M05","State","Gigawatt Hours","2221"
"Net Electricity Output","2021M06","State","Gigawatt Hours","2193"
"Net Electricity Output","2021M07","State","Gigawatt Hours","2055"
"Net Electricity Output","2021M08","State","Gigawatt Hours","2301"
"Net Electricity Output","2021M09","State","Gigawatt Hours","2310"
"Net Electricity Output","2021M10","State","Gigawatt Hours","2542"
"Net Electricity Output","2021M11","State","Gigawatt Hours","2741"
"Net Electricity Output","2021M12","State","Gigawatt Hours","2976"
"Net Electricity Output","2022M01","State","Gigawatt Hours","2910"
"Net Electricity Output","2022M02","State","Gigawatt Hours","2782"
"Net Electricity Output","2022M03","State","Gigawatt Hours","2766"
"Net Electricity Output","2022M04","State","Gigawatt Hours","2516"
"Net Electricity Output","2022M05","State","Gigawatt Hours","2530"
"Net Electricity Output","2022M06","State","Gigawatt Hours","2420"
"Net Electricity Output","2022M07","State","Gigawatt Hours","2511"
"Net Electricity Output","2022M08","State","Gigawatt Hours","2589"
"Net Electricity Output","2022M09","State","Gigawatt Hours","2497"
